Feature,Importance
num__number_inpatient,0.1559606200753648
cat__discharge_disposition_Discharged to home,0.04225053015197948
cat__discharge_disposition_Expired,0.042069810422377084
num__number_emergency,0.038334389712373185
cat__discharge_disposition_Discharged/transferred to another rehab fac including rehab units of a hospital .,0.0358695322215685
num__num_medications,0.030935524552654584
num__time_in_hospital,0.026992706035440954
num__number_diagnoses,0.025020569474841003
num__num_lab_procedures,0.019805673983532602
cat__discharge_disposition_Discharged/transferred to SNF,0.019311323941448258
num__number_outpatient,0.01545778343458143
num__num_procedures,0.011037378590644329
cat__diag_3_250,0.01053429732606616
cat__insulin_Down,0.010135895677448173
cat__insulin_No,0.010109205715779475
cat__diag_1_V58,0.009552718227741145
cat__discharge_disposition_Discharged/transferred to another type of inpatient care institution,0.009365756323127996
cat__diag_2_250,0.008649477690299315
cat__age_[50-60),0.008069281073697898
cat__diabetesMed_No,0.007903815042842335
cat__payer_code_MC,0.007628451288490875
cat__diabetesMed_Yes,0.007505092569905475
cat__metformin_No,0.007166789592939974
cat__medical_specialty_Cardiology,0.0070127519368681475
cat__diag_1_428,0.006560816424910385
cat__diag_3_401,0.006463414122633062
cat__diag_1_786,0.006197307207012606
cat__metformin_Steady,0.005813056134440528
cat__discharge_disposition_Discharged/transferred to home with home health service,0.005610116346626421
cat__diag_3_585,0.005335110934092728
cat__discharge_disposition_Discharged/transferred to another short term hospital,0.005266546348183112
cat__medical_specialty_InternalMedicine,0.005099237211001414
cat__diag_1_250.6,0.004921742839639475
cat__diag_3_403,0.004862497170065188
cat__admission_source_Emergency Room,0.0047587991685482025
cat__change_Ch,0.004541338380010292
cat__diag_1_434,0.004470967248332226
cat__age_[20-30),0.004259812680232211
cat__diag_2_401,0.004113462283791149
cat__diag_3_272,0.004086043812069641
cat__age_[80-90),0.004078826270447174
cat__change_No,0.00407242250081955
cat__medical_specialty_ObstetricsandGynecology,0.004032281348820098
cat__diag_2_403,0.00384755264191728
cat__admission_type_Elective,0.0036351636572342937
cat__admission_type_Emergency,0.0036283788293413376
cat__diag_1_414,0.0036217150709615957
cat__diag_1_250.7,0.003614333382133747
cat__insulin_Steady,0.0036035042834821995
cat__gender_Male,0.003450767244824954
cat__age_[70-80),0.0034139108042368716
cat__admission_source_Physician Referral,0.0032891959156830294
cat__insulin_Up,0.0032724177781195823
cat__discharge_disposition_Discharged/transferred/referred to a psychiatric hospital of psychiatric distinct part unit of a hospital,0.0032608832906431046
cat__gender_Female,0.003145492443499414
cat__medical_specialty_Orthopedics-Reconstructive,0.0031415289582297445
cat__diag_1_486,0.0030197204597848023
cat__race_Caucasian,0.0030136363438957627
cat__admission_type_Urgent,0.0029866228913550535
cat__diag_3_250.6,0.002985428360257572
cat__race_AfricanAmerican,0.002880357774570399
cat__glipizide_Steady,0.0028260575861766956
cat__A1Cresult_>8,0.002822943166787273
cat__discharge_disposition_Hospice / home,0.0028049678370891612
cat__payer_code_HM,0.002584966711621869
cat__age_[60-70),0.0025825663943506464
cat__diag_1_820,0.002571772627352687
cat__payer_code_BC,0.0025563341225179025
cat__medical_specialty_Family/GeneralPractice,0.0024866402393645907
cat__glyburide_No,0.0024665674406479012
cat__glyburide_Steady,0.002455688335561904
cat__medical_specialty_Emergency/Trauma,0.002273766687478618
cat__glipizide_No,0.002223662867486151
cat__pioglitazone_No,0.0021701210170629636
cat__age_[40-50),0.002106489343381889
cat__diag_1_682,0.00209346943674226
cat__diag_2_428,0.001996176188021752
cat__payer_code_UN,0.001968848444295321
cat__diag_1_276,0.0019575593825254885
cat__diag_3_496,0.0019062361818700953
cat__admission_type_Not Available,0.001899411443059315
cat__payer_code_SP,0.0018694040688369167
cat__medical_specialty_Pediatrics-Endocrinology,0.0018646617852957892
cat__diag_3_414,0.0018518792009163852
cat__pioglitazone_Steady,0.0018313171053849554
cat__diag_3_536,0.0017743255492627076
cat__A1Cresult_Norm,0.001764496340471229
cat__diag_2_707,0.00174549604950043
cat__rosiglitazone_No,0.0017416170783155483
cat__diag_2_585,0.0017378710081481616
cat__age_[30-40),0.0017378251504047975
cat__payer_code_CP,0.001724009991098227
cat__diag_3_428,0.0017061504247899337
cat__diag_1_996,0.0016658096899444432
cat__diag_1_722,0.0016623671518897288
cat__rosiglitazone_Steady,0.0016394824766502434
cat__diag_1_715,0.0016263379769110248
cat__diag_2_285,0.0016242509001434
cat__metformin_Up,0.0016169594755701224
cat__glimepiride_Steady,0.001599848650791508
cat__A1Cresult_>7,0.0015963364389567994
cat__diag_1_410,0.0015843096332231869
cat__medical_specialty_Oncology,0.001578387477719858
cat__admission_source_Transfer from a hospital,0.001570553283521047
cat__age_[90-100),0.0015610511999899995
cat__diag_2_272,0.0015542224879447517
cat__diag_2_599,0.0015393043065186343
cat__glimepiride_No,0.0015346605236595764
cat__discharge_disposition_Hospice / medical facility,0.0015186546805425914
cat__diag_2_414,0.0014986738217840573
cat__medical_specialty_Surgery-Cardiovascular/Thoracic,0.0014712887680886307
cat__diag_1_V57,0.001463674345875069
cat__medical_specialty_Surgery-General,0.0014500880329874977
cat__diag_3_581,0.001407463583971014
cat__payer_code_MD,0.0014017585938876282
cat__admission_source_Transfer from another health care facility,0.001395198717285485
cat__medical_specialty_Nephrology,0.0013833433083689256
cat__diag_2_427,0.0013712071546362592
cat__diag_2_648,0.0013694558309701517
cat__diag_2_440,0.001357739696116445
cat__diag_3_707,0.0013528052630368585
cat__diag_3_276,0.001336973317992489
cat__diag_2_411,0.001306674734989207
cat__diag_3_278,0.0013052125576773115
cat__age_[0-10),0.0013042653150806532
cat__diag_1_440,0.0013018736688729055
cat__discharge_disposition_Discharged/transferred within this institution to Medicare approved swing bed,0.0012786983665090607
cat__diag_2_276,0.0012776478812438297
cat__diag_2_493,0.0012686052312551204
cat__max_glu_serum_Norm,0.0012677234278509273
cat__diag_1_427,0.0012588036408147962
cat__diag_1_278,0.0012535867418529086
cat__diag_2_342,0.0012443091188375224
cat__diag_2_496,0.0011648105128253114
cat__payer_code_CM,0.0011396312683965048
cat__diag_2_491,0.0010947219187852338
cat__diag_3_427,0.0010742625198399902
cat__race_Hispanic,0.0010598719812094156
cat__diag_2_250.02,0.0010490908091897316
cat__discharge_disposition_Left AMA,0.0010416774679556766
cat__diag_2_250.6,0.0010363626772019927
cat__repaglinide_No,0.0010337271193996708
cat__weight_[75-100),0.0010272577421788435
cat__diag_1_572,0.0010208791367547312
cat__diag_1_780,0.0010134060513162229
cat__diag_2_250.41,0.001007004894389633
cat__diag_2_202,0.0010067280779154906
cat__diag_1_491,0.0009964761037054395
cat__diag_1_599,0.0009929577672105167
cat__payer_code_OG,0.0009890542220072158
cat__age_[10-20),0.0009576395989958349
cat__diag_3_250.02,0.0009462833973029922
cat__diag_1_518,0.0009391603761471991
cat__diag_3_V45,0.00093703730270593
cat__discharge_disposition_Discharged/transferred to a long term care hospital.,0.0009313253031846199
cat__diag_3_41,0.0009196756434481962
cat__diag_2_682,0.0009170240922431531
cat__medical_specialty_Orthopedics,0.0009164158361074008
cat__diag_2_425,0.0009105915363923473
cat__max_glu_serum_>300,0.0009007874877382834
cat__diag_1_584,0.0008853760916355616
cat__diag_2_424,0.0008819720155846147
cat__diag_2_780,0.000880511308368357
cat__diag_3_599,0.0008652348611702631
cat__diag_1_250.11,0.0008640333722496119
cat__diag_2_584,0.0008562801606218516
cat__medical_specialty_Radiologist,0.0008529244992798811
cat__diag_1_250.8,0.0008409387661519825
cat__diag_2_786,0.0008401003090547241
cat__diag_2_571,0.0008375123317303341
cat__diag_2_250.01,0.0008359392311835267
cat__diag_1_250.02,0.0008302725997609817
cat__race_Other,0.0008088378754858215
cat__diag_1_540,0.0008060816939825859
cat__diag_2_518,0.0008006110327232009
cat__diag_3_785,0.0007871694397282467
cat__diag_2_305,0.0007844529246226486
cat__diag_1_38,0.0007778840657148006
cat__diag_3_413,0.0007732793522529067
cat__diag_3_285,0.0007570713562301304
cat__diag_3_305,0.0007547727317915791
cat__diag_2_413,0.0007547228152580399
cat__diag_1_577,0.0007456941731467526
cat__diag_3_197,0.000739773536666075
cat__diag_1_435,0.0007359139707950826
cat__weight_[100-125),0.0007278701450401628
cat__diag_2_785,0.0007218623345184141
cat__medical_specialty_Hematology/Oncology,0.0007212508281587744
cat__admission_source_Clinic Referral,0.0007194597300536698
cat__diag_1_250.13,0.0007151153305627445
cat__diag_3_780,0.0007121760743518167
cat__discharge_disposition_Not Mapped,0.0007111112446911777
cat__diag_1_618,0.0006886434801439939
cat__race_Asian,0.0006756419064744359
cat__diag_1_250.12,0.0006706355075616886
cat__repaglinide_Steady,0.0006689802825565034
cat__diag_1_998,0.0006645072926707777
cat__max_glu_serum_>200,0.0006619062060472762
cat__weight_[50-75),0.0006575094574278145
cat__medical_specialty_Pulmonology,0.0006558663902812271
cat__diag_2_486,0.0006529988963671669
cat__diag_1_493,0.0006386203752942713
cat__admission_source_Transfer from a Skilled Nursing Facility (SNF),0.0006264525611673237
cat__diag_3_424,0.0006127736271621221
cat__diag_1_574,0.0006080338522438061
cat__payer_code_PO,0.0006075839924604217
cat__diag_1_562,0.0006042498107523041
cat__diag_1_403,0.0006036392832224699
cat__diag_3_244,0.0006014614377926087
cat__diag_3_584,0.0005985874915901746
cat__diag_3_250.01,0.0005921166998247789
cat__medical_specialty_Surgery-Neuro,0.000590279611528235
cat__medical_specialty_Urology,0.0005890446093473164
cat__medical_specialty_Psychiatry,0.0005781430530360177
cat__diag_1_162,0.000572833945343631
cat__nateglinide_Steady,0.000564237156404266
cat__diag_1_571,0.0005596500779733251
cat__diag_1_250.82,0.0005559939360744773
cat__diag_3_530,0.0005532165606562234
cat__glyburide-metformin_No,0.0005447631853086474
cat__glyburide_Down,0.000544335007562651
cat__diag_1_507,0.0005435469378171858
cat__diag_2_789,0.0005404089132309651
cat__diag_3_402,0.0005349592429929364
cat__diag_1_386,0.0005324888439424864
cat__medical_specialty_PhysicalMedicineandRehabilitation,0.0005273767929261862
cat__diag_1_250.41,0.0005261208437599752
cat__diag_1_724,0.0005253580177063753
cat__diag_1_250.1,0.0005249621232912685
cat__glyburide_Up,0.0005235023624610208
cat__diag_3_682,0.0005214209578836593
cat__medical_specialty_Otolaryngology,0.0005194172463484778
cat__diag_1_458,0.0005192472987266053
cat__diag_2_41,0.0005182735845333041
cat__diag_1_296,0.0005171512413827823
cat__diag_3_250.4,0.0005165492284342775
cat__diag_3_518,0.0005102530886049942
cat__diag_3_453,0.0005064548920620573
cat__diag_3_511,0.0004964628937348419
cat__diag_1_560,0.000489142502976631
cat__diag_3_425,0.0004867315328769677
cat__diag_2_250.03,0.0004863933989395787
cat__diag_1_648,0.0004795641044656002
cat__glyburide-metformin_Steady,0.0004635679705463006
cat__diag_1_707,0.0004634823859344777
cat__payer_code_WC,0.00046313622233998296
cat__diag_1_654,0.0004573900351444692
cat__diag_3_342,0.00045615550948521327
cat__diag_3_491,0.0004527835623902271
cat__medical_specialty_Hematology,0.00044735259789185667
cat__diag_3_786,0.0004419126029190987
cat__glipizide_Down,0.00044122506536746064
cat__diag_2_536,0.0004408778103209477
cat__diag_2_507,0.0004402168636414822
cat__discharge_disposition_Discharged/transferred to ICF,0.00043935179010251574
cat__medical_specialty_Surgery-Vascular,0.00043740864707224753
cat__diag_1_787,0.0004324271295833593
cat__diag_2_V45,0.0004319084292482906
cat__glipizide_Up,0.00041931632415218327
cat__diag_1_453,0.0004184968547943235
cat__diag_1_431,0.000417857588066004
cat__diag_3_287,0.0004150338226826791
cat__diag_2_996,0.0004118264413788992
cat__diag_3_486,0.00041134134443542947
cat__diag_1_433,0.00040998531082089005
cat__medical_specialty_Pediatrics,0.0004074084405021296
cat__diag_1_789,0.0004064326163238067
cat__diag_2_295,0.0004050584872719937
cat__diag_2_410,0.0003969334195712484
cat__diag_2_162,0.00039054607282118894
cat__diag_1_532,0.000389612100662942
cat__diag_1_578,0.0003879893873173937
cat__diag_3_996,0.00038578479636733776
cat__diag_2_404,0.000385387771696283
cat__diag_1_415,0.00038393312973196333
cat__diag_1_590,0.0003781928446591467
cat__diag_1_218,0.0003739316440437765
cat__diag_2_197,0.0003736778272960413
cat__diag_1_511,0.00037122459198809144
cat__diag_2_280,0.00037051409252039153
cat__diag_2_E888,0.0003703686696918909
cat__diag_1_592,0.0003619429990821851
cat__diag_1_402,0.00036172490743212977
cat__payer_code_DM,0.00036133884667596545
cat__medical_specialty_Gastroenterology,0.00036082532675229124
cat__diag_2_577,0.0003535208595333255
cat__diag_1_401,0.0003521571663803691
cat__diag_1_250.4,0.00035125448663642073
cat__medical_specialty_Neurology,0.00035120404443954404
cat__diag_2_296,0.00034485554898696215
cat__diag_3_V58,0.00034357157498042794
cat__nateglinide_No,0.00034282760514735283
cat__diag_2_578,0.0003423309061387973
cat__diag_3_493,0.0003404995792255056
cat__diag_1_530,0.00034040500322079495
cat__diag_3_411,0.0003394315388122234
cat__diag_2_153,0.0003361953217997244
cat__diag_1_824,0.0003324016336468561
cat__diag_1_535,0.00033127126413239153
cat__metformin_Down,0.0003300682296966236
cat__diag_1_295,0.0003289964448627727
cat__diag_1_404,0.0003259735177158295
cat__diag_2_203,0.00032215931315442587
cat__diag_3_995,0.00031946772912447866
cat__diag_2_38,0.0003166578366486437
cat__acarbose_Steady,0.00031304644847783336
cat__diag_1_557,0.00030623870490445703
cat__diag_2_198,0.00030358954714449003
cat__diag_1_298,0.000302794360090609
cat__diag_2_998,0.0003026652627981384
cat__diag_3_250.8,0.0002993183468640723
cat__diag_3_280,0.0002968623788175194
cat__diag_1_285,0.0002921906110859545
cat__diag_3_V10,0.0002906716630316818
cat__diag_2_799,0.00029050354662190085
cat__diag_3_784,0.0002880676944960344
cat__diag_3_E878,0.0002846125174162428
cat__diag_3_331,0.000284367271480928
cat__diag_3_294,0.0002805158991532036
cat__diag_3_412,0.0002800267145632335
cat__diag_2_560,0.00027935353695913626
cat__diag_2_574,0.00027928327817795654
cat__diag_1_8,0.00026936224387306745
cat__diag_1_411,0.0002686227564473036
cat__diag_1_997,0.00026483427561965777
cat__diag_3_396,0.0002642803554365676
cat__diag_2_438,0.0002612397380399764
cat__diag_2_278,0.000260596547110606
cat__diag_3_458,0.0002597534478848204
cat__diag_2_V10,0.000258591732201439
cat__diag_2_426,0.00025562403336637073
cat__diag_3_397,0.00025177853508199946
cat__diag_1_280,0.0002477293705784822
cat__diag_2_304,0.0002473746515820516
cat__diag_1_482,0.0002470055773137111
cat__diag_1_558,0.0002457768178719386
cat__diag_3_997,0.0002450485417153658
cat__diag_2_453,0.00024341844948114303
cat__diag_1_569,0.00024227504349530913
cat__diag_3_787,0.0002414820291459998
cat__diag_2_402,0.00024089874194252144
cat__diag_2_730,0.0002407736512064955
cat__diag_2_396,0.00023730079357907197
cat__diag_3_357,0.00023584735240180093
cat__acarbose_No,0.00023578965853823192
cat__admission_type_Not Mapped,0.00023499221469384785
cat__diag_2_250.7,0.00023009698008067837
cat__diag_2_205,0.00022901774395126025
cat__diag_2_715,0.0002247551788981562
cat__diag_2_997,0.00022277343964857094
cat__diag_2_511,0.00022217204797167202
cat__diag_2_V43,0.00022091463961337106
cat__diag_2_788,0.00021990890310458658
cat__diag_3_284,0.00021592319428401666
cat__diag_3_198,0.0002155121696306896
cat__diag_3_V12,0.00021452963577767557
cat__diag_2_E885,0.00021331337306739937
cat__diag_3_492,0.00021285065093495725
cat__diag_1_250.2,0.00020900245989663956
cat__diag_1_250.03,0.00020795695585491423
cat__diag_3_438,0.00020761574742304102
cat__diag_1_733,0.00020677746623707063
cat__diag_3_593,0.0002058233990987305
cat__diag_3_535,0.00020506177825634005
cat__diag_3_295,0.0002049725510716394
cat__glimepiride_Up,0.00020330143466888836
cat__diag_3_V15,0.0002007419211576318
cat__diag_1_531,0.00020010038869224661
cat__diag_1_566,0.00019922639331693078
cat__diag_1_481,0.00019770764557472298
cat__diag_2_591,0.0001953648635316777
cat__diag_3_327,0.0001947073367524706
cat__diag_3_337,0.0001941128803282603
cat__diag_1_444,0.00019319996801140624
cat__diag_1_443,0.0001931757127163841
cat__diag_1_784,0.00019207856899253084
cat__diag_1_250.22,0.00019184875006466134
cat__diag_1_426,0.00019021341811918733
cat__diag_3_303,0.00018955776169581338
cat__diag_2_V42,0.00018798573738036464
cat__diag_3_250.42,0.0001865118303108757
cat__diag_3_250.7,0.0001849244059542384
cat__diag_1_575,0.0001832210945331025
cat__diag_3_8,0.00018299207301467367
cat__diag_1_185,0.00018296325085424
cat__diag_3_263,0.00018236821170234248
cat__diag_2_535,0.00018231026885984065
cat__diag_2_255,0.00018129894416886956
cat__diag_1_V55,0.00018125204985372663
cat__diag_3_V43,0.0001805857658346683
cat__diag_1_642,0.00017930970089927257
cat__diag_2_112,0.00017789164746701805
cat__diag_1_197,0.00017685993474284478
cat__diag_2_733,0.00017571497718938604
cat__diag_1_294,0.0001745425359017881
cat__diag_3_38,0.0001737149891043602
cat__diag_2_434,0.0001735705469676433
cat__diag_3_729,0.00017186758147898703
cat__diag_1_153,0.0001717777622083894
cat__diag_3_788,0.0001712603607645271
cat__diag_3_426,0.0001701243557849256
cat__diag_1_340,0.00017009211334298473
cat__diag_3_E849,0.00016858740150588853
cat__diag_3_70,0.0001672828060121899
cat__diag_1_466,0.0001656350098901493
cat__admission_source_HMO Referral,0.0001633678968766969
cat__diag_3_296,0.00016260907390023958
cat__diag_3_577,0.00016206035150981572
cat__diag_3_578,0.00016125698828865952
cat__diag_2_287,0.00016081394223520424
cat__diag_3_733,0.00015999451587650127
cat__diag_3_558,0.0001598666899181672
cat__diag_3_560,0.00015896044267956774
cat__diag_3_162,0.00015890049975837565
cat__diag_2_70,0.00015806161041278223
cat__diag_2_250.13,0.00015729982584572122
cat__diag_1_198,0.0001549414503658488
cat__diag_1_250,0.00015473084834001204
cat__diag_3_648,0.0001530353969231668
cat__diag_2_303,0.00015256689832906318
cat__diag_3_250.03,0.0001521566387108194
cat__diag_1_812,0.00015080936591310663
cat__diag_1_593,0.00015025810352085162
cat__diag_1_438,0.00014940036114856003
cat__diag_3_731,0.0001488978242726058
cat__diag_1_823,0.00014811423365298506
cat__diag_3_730,0.0001475103317755314
cat__diag_2_728,0.0001452807620407737
cat__diag_3_300,0.00014514234086437182
cat__diag_2_790,0.00014437635519929163
cat__diag_3_515,0.00014109537458771484
cat__diag_3_571,0.0001408125116125422
cat__diag_2_250.92,0.00013805342824428472
cat__diag_2_492,0.00013718776086133107
cat__diag_1_552,0.00013678972488617797
cat__diag_2_V85,0.00013651496282647343
cat__medical_specialty_Gynecology,0.00013619726833145288
cat__diag_1_962,0.00013516849382856345
cat__diag_2_331,0.00013516498962005117
cat__diag_2_196,0.00013431623788479657
cat__pioglitazone_Up,0.00013413996632431885
cat__diag_2_530,0.00013309933236016865
cat__diag_3_998,0.0001328079811785768
cat__diag_3_286,0.00013094611594950922
cat__diag_2_572,0.0001297701033298719
cat__diag_2_807,0.0001292774467962006
cat__diag_3_440,0.00012803772125862296
cat__rosiglitazone_Up,0.00012779760889666895
cat__diag_1_805,0.00012671800845638913
cat__diag_2_458,0.00012584625419608504
cat__diag_2_V15,0.000124614241023879
cat__diag_2_562,0.000124021195540099
cat__diag_2_250.8,0.00012369434180981817
cat__medical_specialty_Psychology,0.000122541725300482
cat__diag_3_112,0.00012149913114495566
cat__diag_3_250.82,0.00012046104901861973
cat__diag_2_284,0.00012037287072553295
cat__diag_1_288,0.00012003515216724362
cat__repaglinide_Up,0.0001192854783943143
cat__diag_2_250.82,0.00011897231526958305
cat__diag_2_590,0.00011895197453941062
cat__diag_3_466,0.0001182536693729135
cat__diag_3_250.41,0.00011791640240189456
cat__diag_1_721,0.00011657202960075786
cat__medical_specialty_Endocrinology,0.00011632649728755986
cat__diag_3_562,0.00011546140222467712
cat__diag_2_482,0.00011458557090360727
cat__diag_3_574,0.00011239694244701359
cat__diag_1_600,0.00011237627210110641
cat__diag_1_348,0.00011222400017548453
cat__diag_3_799,0.00011038934033157795
cat__diag_1_730,0.00011017856072514962
cat__diag_3_311,0.00011011362897989958
cat__diag_1_514,0.0001090505434343089
cat__diag_1_155,0.00010686926296249628
cat__payer_code_OT,0.00010664799192529228
cat__diag_2_724,0.00010529328100318952
cat__diag_2_250.81,0.00010495447015420501
cat__diag_2_781,0.00010491455697667354
cat__diag_2_244,0.00010463408430179448
cat__diag_3_332,0.00010357339611381928
cat__diag_3_443,0.00010276609855496947
cat__diag_1_536,0.00010267663239996055
cat__diag_2_820,0.00010250008456892555
cat__diag_1_576,0.00010211927111516892
cat__diag_2_V54,0.00010187714379085183
cat__diag_2_337,0.00010178000581812181
cat__diag_3_V49,0.00010163481572608258
cat__diag_2_286,0.00010052956041050346
cat__diag_2_250.43,9.967875718761777e-05
cat__diag_1_282,9.941205693643634e-05
cat__diag_1_V54,9.900156655928658e-05
cat__diag_3_V42,9.840549699467547e-05
cat__diag_2_719,9.798639812055312e-05
cat__diag_2_340,9.761953576776566e-05
cat__diag_2_204,9.725257240346706e-05
cat__diag_3_790,9.686934502988258e-05
cat__diag_2_294,9.632225958761832e-05
cat__diag_3_416,9.577645111362885e-05
cat__admission_source_Not Mapped,9.5128395106722e-05
cat__diag_2_782,9.432411761092066e-05
cat__diag_1_729,9.42065970964129e-05
cat__diag_3_42,9.357340954882685e-05
cat__diag_2_8,9.32504422897063e-05
cat__diag_3_410,9.214185592532996e-05
cat__diag_3_782,9.211561767479691e-05
cat__diag_1_681,9.121310016733993e-05
cat__diag_2_311,9.115608067372666e-05
cat__medical_specialty_Surgery-Cardiovascular,9.07998523969419e-05
cat__diag_2_263,8.965992661879762e-05
cat__diag_1_726,8.913547498088982e-05
cat__diag_2_433,8.910399673253818e-05
cat__diag_3_304,8.880006491368213e-05
cat__diag_1_287,8.871478872321817e-05
cat__diag_2_593,8.792897675268294e-05
cat__diag_1_189,8.722514960164278e-05
cat__medical_specialty_Podiatry,8.653479204198057e-05
cat__diag_3_553,8.629937863093452e-05
cat__diag_1_564,8.562487078938646e-05
cat__diag_3_715,8.516537448929827e-05
cat__diag_2_250.4,8.492372907740114e-05
cat__diag_3_789,8.452576037318635e-05
cat__diag_1_625,8.34662697502839e-05
cat__diag_1_112,8.279710601093847e-05
cat__diag_2_300,8.219002451691233e-05
cat__diag_1_331,8.141713299332073e-05
cat__diag_2_250.52,8.134291680714742e-05
cat__diag_2_348,8.073202485269507e-05
cat__diag_3_507,8.051731605559098e-05
cat__diag_2_E878,8.037643438680279e-05
cat__diag_3_293,7.835492989809817e-05
cat__diag_2_412,7.774857195596141e-05
cat__diag_1_821,7.703874029421432e-05
cat__diag_2_729,7.623171581676587e-05
cat__diag_1_211,7.568335848094106e-05
cat__diag_3_404,7.540772755987489e-05
cat__rosiglitazone_Down,7.466793359706738e-05
cat__diag_1_346,7.445226311877454e-05
cat__weight_[125-150),7.426569511768671e-05
cat__diag_1_202,7.343033286928103e-05
cat__diag_1_151,7.212821215990024e-05
cat__diag_1_182,7.210039059385146e-05
cat__diag_1_436,7.207737729640857e-05
cat__diag_3_290,7.206585317973847e-05
cat__weight_[25-50),7.180489927002915e-05
cat__diag_1_447,7.109543712200704e-05
cat__chlorpropamide_No,7.104551173819266e-05
cat__diag_1_250.01,7.086027647345862e-05
cat__diag_3_312,6.99068004243561e-05
cat__diag_2_291,6.9897444157795e-05
cat__admission_source_Not Available,6.973541134646101e-05
cat__diag_2_292,6.939218674962111e-05
cat__diag_1_808,6.933781483765968e-05
cat__diag_2_150,6.917650726062768e-05
cat__diag_3_E888,6.906294066301592e-05
cat__diag_1_490,6.804491933705249e-05
cat__diag_3_203,6.776513970056142e-05
cat__diag_1_553,6.76287024333966e-05
cat__diag_1_250.81,6.746252291536957e-05
cat__diag_3_E885,6.715070671006478e-05
cat__diag_1_413,6.70927182900352e-05
cat__diag_2_722,6.699863579479906e-05
cat__diag_1_174,6.669512853577691e-05
cat__diag_1_157,6.656121678912321e-05
cat__diag_1_728,6.645145649240977e-05
cat__diag_2_721,6.589074632189321e-05
cat__diag_3_596,6.581318130182452e-05
cat__discharge_disposition_Discharged/transferred to a nursing facility certified under Medicaid but not certified under Medicare.,6.567018044241076e-05
cat__diag_3_242,6.55690803893717e-05
cat__diag_2_465,6.502277472557546e-05
cat__medical_specialty_Hospitalist,6.44339798443317e-05
cat__diag_1_345,6.434320903468427e-05
cat__diag_2_301,6.3912331727547e-05
cat__diag_3_569,6.255922694745301e-05
cat__diag_3_V54,6.223023613533717e-05
cat__diag_1_790,6.21586115531284e-05
cat__diag_3_250.53,6.205774263159113e-05
cat__payer_code_SI,6.181329544452613e-05
cat__diag_3_255,6.177743790073614e-05
cat__diag_2_784,6.168487833465875e-05
cat__chlorpropamide_Steady,6.125209623039053e-05
cat__diag_1_424,6.107775084497938e-05
cat__diag_2_V62,6.0267145962414346e-05
cat__diag_2_558,5.991264336322626e-05
cat__diag_2_995,5.984907746403008e-05
cat__payer_code_MP,5.9099692238168356e-05
cat__diag_1_459,5.873633419300505e-05
cat__diag_2_567,5.829707163426348e-05
cat__medical_specialty_Pediatrics-CriticalCare,5.802460930426738e-05
cat__diag_3_719,5.799680167057727e-05
cat__diag_3_591,5.791264309591648e-05
cat__diag_1_274,5.753722358934902e-05
cat__diag_3_274,5.6990861340769856e-05
cat__diag_3_724,5.623657892957147e-05
cat__diag_1_291,5.5764480095146665e-05
cat__diag_3_V09,5.549354178204448e-05
cat__diag_1_782,5.5458927935958057e-05
cat__diag_1_204,5.532481178653067e-05
cat__diag_1_398,5.5296473366109494e-05
cat__diag_3_714,5.4581930868995524e-05
cat__diag_3_722,5.4283915468421456e-05
cat__diag_1_V53,5.4046879203007006e-05
cat__diag_3_794,5.2724552490095556e-05
cat__diag_1_250.83,5.225929914602278e-05
cat__diag_1_441,5.202730782143922e-05
cat__diag_2_250.1,5.1926419766679285e-05
cat__diag_2_152,5.145777909361739e-05
cat__diag_2_787,5.062902406337399e-05
cat__diag_2_435,5.0555673488935255e-05
cat__diag_3_250.92,5.053244611114729e-05
cat__medical_specialty_InfectiousDiseases,5.040815572158514e-05
cat__diag_2_250.83,4.9981686269601376e-05
cat__diag_1_620,4.8820081455802935e-05
cat__diag_2_293,4.869848202125538e-05
cat__diag_1_799,4.840156001519226e-05
cat__diag_2_515,4.824297216690834e-05
cat__diag_3_600,4.801800847129695e-05
cat__diag_1_723,4.78968285294591e-05
cat__diag_1_53,4.7565604694387576e-05
cat__medical_specialty_Surgery-Thoracic,4.748592811930528e-05
cat__discharge_disposition_Discharged/transferred to home under care of Home IV provider,4.686735971096169e-05
cat__diag_2_576,4.66203374680803e-05
cat__diag_3_437,4.5987027845088e-05
cat__diag_1_595,4.595273006307462e-05
cat__diag_2_42,4.548081350671427e-05
cat__diag_1_537,4.537776846174776e-05
cat__diag_2_397,4.513949444485702e-05
cat__diag_1_788,4.4896578844155894e-05
cat__diag_3_482,4.476763190616306e-05
cat__diag_2_415,4.434674163886324e-05
cat__diag_2_466,4.4339978842206525e-05
cat__diag_1_585,4.4181554726041485e-05
cat__diag_1_432,4.407945598868438e-05
cat__diag_3_202,4.32780921556947e-05
cat__diag_2_710,4.318295894560769e-05
cat__diag_1_154,4.254288505534939e-05
cat__diag_3_455,4.2304096185501594e-05
cat__glimepiride_Down,4.1192075550288784e-05
cat__diag_2_444,4.117665005178255e-05
cat__diag_1_290,4.102799235952312e-05
cat__diag_1_455,4.053243749936575e-05
cat__diag_3_447,4.025117291734225e-05
cat__diag_2_344,3.98989062611718e-05
cat__diag_1_250.42,3.945462487229614e-05
cat__diag_2_805,3.926140690377923e-05
cat__diag_1_550,3.916255294571522e-05
cat__diag_2_794,3.912758765140854e-05
cat__diag_1_253,3.8871270262597e-05
cat__diag_3_250.43,3.8462697059861416e-05
cat__diag_3_642,3.8436350701036546e-05
cat__diag_1_188,3.840535889766761e-05
cat__diag_3_135,3.8136535573220113e-05
cat__diag_3_174,3.799556758612853e-05
cat__diag_2_V49,3.79052598706988e-05
cat__diag_1_183,3.723522734710689e-05
cat__diag_3_250.81,3.715476029431605e-05
cat__diag_1_250.92,3.681159713547922e-05
cat__diag_2_332,3.6760906564227185e-05
cat__diag_3_204,3.638594621898739e-05
cat__diag_1_250.43,3.6174479413569074e-05
cat__diag_3_V27,3.594750271276683e-05
cat__diag_1_515,3.5195604026663144e-05
cat__diag_2_135,3.513592591468263e-05
cat__pioglitazone_Down,3.4592624556149294e-05
cat__diag_2_537,3.438138969556756e-05
cat__diag_3_E932,3.4169337567601914e-05
cat__diag_1_807,3.393562271828172e-05
cat__diag_3_721,3.3685525843891054e-05
cat__diag_3_344,3.357078748586531e-05
cat__diag_2_V58,3.347073423816438e-05
cat__diag_1_284,3.3414743490086305e-05
cat__diag_1_512,3.318527041225144e-05
cat__diag_2_812,3.301825522598404e-05
cat__diag_2_398,3.297728840707969e-05
cat__diag_3_250.52,3.243060467239473e-05
cat__diag_3_E944,3.2337494728099625e-05
cat__diag_3_250.5,3.22816599787145e-05
cat__diag_2_250.51,3.220348922397138e-05
cat__diag_3_291,3.2167739419082995e-05
cat__medical_specialty_Radiology,3.168636617482012e-05
cat__diag_1_596,3.140179394921049e-05
cat__diag_2_569,3.118526029520326e-05
cat__diag_2_218,3.102199592549022e-05
cat__diag_1_785,3.068230385020325e-05
cat__diag_3_199,3.0367748173520105e-05
cat__diag_3_728,3.011550086521209e-05
cat__diag_2_157,2.983663143204481e-05
cat__diag_3_196,2.9737121005408134e-05
cat__diag_3_781,2.861268962422508e-05
cat__diag_1_781,2.8534731315570217e-05
cat__weight_[0-25),2.8191046268772093e-05
cat__diag_2_573,2.785639063835092e-05
cat__diag_3_473,2.7659498490311157e-05
cat__diag_1_275,2.757041623086229e-05
cat__diag_2_575,2.7320742204016477e-05
cat__diag_1_235,2.6989940003719613e-05
cat__diag_3_433,2.6316051592967742e-05
cat__diag_2_V12,2.6087738645956983e-05
cat__diag_1_358,2.5413227280734288e-05
cat__diag_1_621,2.539867372439448e-05
cat__diag_3_659,2.5272172023695105e-05
cat__diag_3_459,2.489591834445696e-05
cat__diag_1_79,2.465419202636811e-05
cat__diag_1_332,2.4603610952514092e-05
cat__diag_2_731,2.454122561831501e-05
cat__diag_1_420,2.401603817115701e-05
cat__diag_1_70,2.3760204008886335e-05
cat__diag_1_852,2.3383449844812045e-05
cat__diag_3_564,2.328403770954887e-05
cat__diag_1_283,2.3274720407164795e-05
cat__diag_3_301,2.294302798711644e-05
cat__diag_1_457,2.2800447041562654e-05
cat__diag_2_443,2.2700112726959833e-05
cat__diag_2_275,2.2619973876040004e-05
cat__discharge_disposition_Admitted as an inpatient to this hospital,2.2577859223392767e-05
cat__diag_2_357,2.236409877810895e-05
cat__diag_1_311,2.2277635081276664e-05
cat__diag_1_555,2.2003877301935257e-05
cat__diag_1_309,2.197947938398319e-05
cat__diag_1_487,2.1348409767034973e-05
cat__diag_1_429,2.1336169082311456e-05
cat__diag_3_292,2.0725592309998163e-05
cat__diag_1_423,2.0686952335067717e-05
cat__diag_2_298,2.063661839963952e-05
cat__diag_2_600,2.061521695820568e-05
cat__diag_1_510,2.0475714167768126e-05
cat__diag_2_189,2.0471250451528675e-05
cat__diag_3_288,2.040551716034512e-05
cat__diag_3_681,2.019315943286401e-05
cat__diag_2_456,2.0175070750392492e-05
cat__diag_2_564,1.9874692646410584e-05
cat__diag_1_995,1.9730999984339453e-05
cat__diag_2_595,1.9582615565089434e-05
cat__diag_3_340,1.939584367078695e-05
cat__diag_1_227,1.9353513407979117e-05
cat__medical_specialty_Osteopath,1.9318517078402204e-05
cat__diag_1_719,1.8628715055672034e-05
cat__diag_1_738,1.8511408159429763e-05
cat__diag_2_327,1.843582000612744e-05
cat__diag_3_E947,1.801308694219666e-05
cat__diag_1_437,1.7899563141764617e-05
cat__diag_2_714,1.7858920881986762e-05
cat__diag_2_723,1.770522466178232e-05
cat__diag_1_277,1.7499412006231693e-05
cat__diag_2_242,1.713000322092733e-05
cat__diag_3_465,1.70812374257312e-05
cat__diag_3_153,1.7000441325427747e-05
cat__diag_2_420,1.69948450535198e-05
cat__repaglinide_Down,1.6980099766582233e-05
cat__diag_2_250.12,1.6752523726949756e-05
cat__diag_2_290,1.6596929099826136e-05
cat__diag_1_528,1.6461756343265376e-05
cat__diag_3_807,1.62932532017073e-05
cat__diag_2_459,1.6164872779482973e-05
cat__diag_3_E950,1.5980136747734768e-05
cat__diag_1_626,1.582003530237885e-05
cat__diag_1_292,1.5470068345596234e-05
cat__diag_1_519,1.515466143518414e-05
cat__diag_3_250.51,1.497493191351149e-05
cat__diag_2_378,1.4960335461614447e-05
cat__payer_code_CH,1.4797768922516815e-05
cat__diag_3_V64,1.4723888954390604e-05
cat__diag_2_437,1.4667548115854003e-05
cat__diag_2_999,1.4579629589048803e-05
cat__diag_2_581,1.456162722399621e-05
cat__diag_3_626,1.4472371092353984e-05
cat__diag_3_576,1.4376489816666628e-05
cat__diag_3_211,1.4355180708120856e-05
cat__diag_3_348,1.4317151764791335e-05
cat__diag_3_442,1.4282686555987358e-05
cat__diag_1_922,1.4262049505099166e-05
cat__diag_1_205,1.412628356112812e-05
cat__diag_3_568,1.3992534519013575e-05
cat__diag_3_E879,1.3953339267440096e-05
cat__diag_1_200,1.3909157361825866e-05
cat__diag_2_E950,1.3354808891752321e-05
cat__diag_1_327,1.3099556350209532e-05
cat__diag_1_242,1.298399321322805e-05
cat__diag_2_345,1.2812378708079663e-05
cat__medical_specialty_Surgery-Plastic,1.2342182661518308e-05
cat__diag_2_274,1.2214184413614064e-05
cat__diag_3_590,1.221130409645535e-05
cat__diag_3_537,1.2013392112428812e-05
cat__diag_1_716,1.1953413185291375e-05
cat__diag_2_746,1.1865115822843511e-05
cat__nateglinide_Up,1.1730315908329408e-05
cat__diag_2_642,1.1710927237643996e-05
cat__medical_specialty_SurgicalSpecialty,1.1675591866858825e-05
cat__diag_1_644,1.1642408975018994e-05
cat__diag_2_568,1.1590285084010009e-05
cat__diag_3_250.12,1.1580172703143545e-05
cat__diag_2_40,1.1012964439655808e-05
cat__diag_1_225,1.0959965887205691e-05
cat__diag_3_621,1.0802656338034997e-05
cat__diag_3_V85,1.0436793106216526e-05
cat__diag_3_386,1.0417076985005231e-05
cat__diag_2_250.42,1.0316537912412473e-05
cat__diag_3_873,1.0241563855718886e-05
cat__diag_1_496,1.0184100563074513e-05
cat__diag_1_263,1.0155211489130196e-05
cat__diag_3_415,9.999750051778193e-06
cat__diag_3_570,9.983931280435557e-06
cat__diag_1_813,9.815261403466562e-06
cat__diag_2_490,9.731858834807806e-06
cat__diag_1_659,9.681831457694886e-06
cat__diag_3_517,9.657715942589365e-06
cat__diag_1_924,9.53839010455813e-06
cat__diag_1_802,9.503208299971693e-06
cat__diag_2_250.22,9.196162997260066e-06
cat__diag_1_825,9.170239705766304e-06
cat__diag_3_218,8.949063644566686e-06
cat__diag_3_745,8.94142320578522e-06
cat__diag_2_711,8.750942707286576e-06
cat__diag_3_362,8.712152095780407e-06
cat__diag_1_867,8.685208351287584e-06
cat__diag_3_726,8.667487794562394e-06
cat__diag_2_250.11,8.644029867030331e-06
cat__diag_2_451,8.622960491498495e-06
cat__diag_3_567,8.535858088847875e-06
cat__diag_2_138,8.520642660918275e-06
cat__diag_1_513,8.469200084949543e-06
cat__diag_2_312,8.377954471920506e-06
cat__diag_2_E849,8.249533984825146e-06
cat__diag_2_309,8.127180907660815e-06
cat__diag_3_478,8.079736874702385e-06
cat__diag_2_481,8.023223430717237e-06
cat__diag_3_319,7.974597614809824e-06
cat__diag_1_556,7.9685662444481e-06
cat__diag_1_711,7.927450674131557e-06
cat__diag_3_454,7.885403320936637e-06
cat__diag_1_604,7.661969878730796e-06
cat__diag_3_531,7.431495794429779e-06
cat__diag_1_304,6.9493551412511365e-06
cat__diag_1_851,6.856752835576334e-06
cat__diag_2_681,6.8471856046947205e-06
cat__diag_1_965,6.53324023860238e-06
cat__diag_1_661,6.523302714972553e-06
cat__diag_2_E947,6.458035219302476e-06
cat__medical_specialty_Surgeon,6.30926488430169e-06
cat__diag_3_573,6.18083749622043e-06
cat__diag_2_512,5.978224160774614e-06
cat__diag_3_519,5.966420510010223e-06
cat__diag_2_447,5.9303001475902765e-06
cat__diag_3_490,5.92976438940881e-06
cat__diag_2_625,5.8412291249728735e-06
cat__diag_1_430,5.642514135255165e-06
cat__diag_1_238,5.418421382012147e-06
cat__diag_2_455,5.0256092560415795e-06
cat__diag_3_461,4.884337078375977e-06
cat__diag_3_441,4.763195735059533e-06
cat__diag_2_473,4.526796865913655e-06
cat__diag_2_601,4.449403011023586e-06
cat__diag_3_617,4.293238760822155e-06
cat__diag_3_592,4.27082303936354e-06
cat__diag_3_618,4.236589920144891e-06
cat__diag_1_241,4.194553404158473e-06
cat__diag_2_394,4.092979978425532e-06
cat__diag_3_710,3.9982955149979115e-06
cat__diag_2_446,3.6502343169636336e-06
cat__diag_2_852,3.5835385752932533e-06
cat__diag_1_969,3.5395900000601572e-06
cat__diag_3_716,3.4862843496015525e-06
cat__diag_1_233,3.428583159459966e-06
cat__diag_1_959,2.9660968911741755e-06
cat__diag_1_193,2.94084498286494e-06
cat__diag_3_727,2.9047145867571904e-06
cat__diag_1_850,2.7343126618888144e-06
cat__diag_2_288,2.667499883694567e-06
cat__diag_2_E932,2.4802476033312585e-06
cat__diag_3_588,1.9400502465428922e-06
cat__diag_1_664,1.6085879800240976e-06
cat__diag_3_625,1.3010169058286334e-06
cat__medical_specialty_Pediatrics-Pulmonology,9.119287060247732e-07
cat__diag_2_618,7.817983496016131e-07
cat__diag_3_E884,2.721425657711888e-07
cat__diag_3_E812,2.2089906414422974e-08
cat__diag_1_934,0.0
cat__diag_1_933,0.0
cat__diag_1_928,0.0
cat__diag_1_976,0.0
cat__diag_1_975,0.0
cat__diag_1_974,0.0
cat__diag_1_973,0.0
cat__diag_1_972,0.0
cat__diag_1_971,0.0
cat__diag_1_970,0.0
cat__diag_1_97,0.0
cat__diag_1_968,0.0
cat__diag_1_967,0.0
cat__diag_1_966,0.0
cat__diag_1_964,0.0
cat__diag_1_963,0.0
cat__diag_1_994,0.0
cat__diag_1_992,0.0
cat__diag_1_991,0.0
cat__diag_1_990,0.0
cat__diag_1_989,0.0
cat__diag_1_988,0.0
cat__diag_1_987,0.0
cat__diag_1_986,0.0
cat__diag_1_983,0.0
cat__diag_1_982,0.0
cat__diag_1_980,0.0
cat__diag_1_98,0.0
cat__diag_1_708,0.0
cat__diag_1_706,0.0
cat__diag_1_705,0.0
cat__diag_1_703,0.0
cat__diag_1_700,0.0
cat__diag_1_7,0.0
cat__diag_1_698,0.0
cat__diag_1_696,0.0
cat__diag_1_695,0.0
cat__diag_1_694,0.0
cat__diag_1_693,0.0
cat__diag_1_692,0.0
cat__diag_1_691,0.0
cat__diag_1_977,0.0
cat__diag_1_V66,0.0
cat__diag_1_V63,0.0
cat__diag_1_V56,0.0
cat__diag_1_V51,0.0
cat__diag_1_V45,0.0
cat__diag_1_V43,0.0
cat__diag_1_V26,0.0
cat__diag_1_V25,0.0
cat__diag_1_V07,0.0
cat__diag_1_999,0.0
cat__diag_2_141,0.0
cat__diag_2_140,0.0
cat__diag_2_137,0.0
cat__diag_2_136,0.0
cat__diag_2_131,0.0
cat__diag_2_117,0.0
cat__diag_2_114,0.0
cat__diag_2_111,0.0
cat__diag_2_110,0.0
cat__diag_2_11,0.0
cat__diag_1_V71,0.0
cat__diag_1_V70,0.0
cat__diag_1_V67,0.0
cat__diag_2_180,0.0
cat__diag_2_174,0.0
cat__diag_2_173,0.0
cat__diag_2_172,0.0
cat__diag_2_171,0.0
cat__diag_2_163,0.0
cat__diag_2_156,0.0
cat__diag_2_155,0.0
cat__diag_2_154,0.0
cat__diag_2_151,0.0
cat__diag_2_145,0.0
cat__diag_2_201,0.0
cat__diag_2_200,0.0
cat__diag_2_199,0.0
cat__diag_2_193,0.0
cat__diag_2_192,0.0
cat__diag_2_191,0.0
cat__diag_2_188,0.0
cat__diag_2_186,0.0
cat__diag_2_185,0.0
cat__diag_1_641,0.0
cat__diag_1_685,0.0
cat__diag_1_684,0.0
cat__diag_1_683,0.0
cat__diag_1_680,0.0
cat__diag_1_674,0.0
cat__diag_1_671,0.0
cat__diag_1_669,0.0
cat__diag_1_665,0.0
cat__diag_1_663,0.0
cat__diag_1_660,0.0
cat__diag_1_66,0.0
cat__diag_2_183,0.0
cat__diag_2_233,0.0
cat__diag_2_232,0.0
cat__diag_2_228,0.0
cat__diag_2_227,0.0
cat__diag_2_226,0.0
cat__diag_2_225,0.0
cat__diag_2_220,0.0
cat__diag_2_217,0.0
cat__diag_2_215,0.0
cat__diag_2_214,0.0
cat__diag_2_212,0.0
cat__diag_2_211,0.0
cat__diag_2_208,0.0
cat__diag_2_246,0.0
cat__diag_2_245,0.0
cat__diag_2_241,0.0
cat__diag_2_240,0.0
cat__diag_2_239,0.0
cat__diag_2_238,0.0
cat__diag_2_235,0.0
cat__diag_2_250.53,0.0
cat__diag_2_250.5,0.0
cat__diag_2_250.33,0.0
cat__diag_2_250.32,0.0
cat__diag_2_250.3,0.0
cat__diag_2_250.23,0.0
cat__diag_2_250.21,0.0
cat__diag_2_250.2,0.0
cat__diag_1_616,0.0
cat__diag_1_658,0.0
cat__diag_1_657,0.0
cat__diag_1_656,0.0
cat__diag_1_655,0.0
cat__diag_1_653,0.0
cat__diag_1_652,0.0
cat__diag_1_649,0.0
cat__diag_1_647,0.0
cat__diag_1_646,0.0
cat__diag_1_645,0.0
cat__diag_1_643,0.0
cat__diag_2_259,0.0
cat__diag_2_258,0.0
cat__diag_2_253,0.0
cat__diag_2_252,0.0
cat__diag_2_251,0.0
cat__diag_2_250.93,0.0
cat__diag_2_250.91,0.0
cat__diag_2_250.9,0.0
cat__diag_2_277,0.0
cat__diag_2_273,0.0
cat__diag_2_271,0.0
cat__diag_2_270,0.0
cat__diag_2_27,0.0
cat__diag_2_269,0.0
cat__diag_2_268,0.0
cat__diag_2_266,0.0
cat__diag_2_262,0.0
cat__diag_2_261,0.0
cat__diag_1_640,0.0
cat__diag_1_637,0.0
cat__diag_1_634,0.0
cat__diag_1_633,0.0
cat__diag_1_632,0.0
cat__diag_1_627,0.0
cat__diag_1_623,0.0
cat__diag_1_622,0.0
cat__diag_1_619,0.0
cat__diag_1_617,0.0
cat__diag_2_260,0.0
cat__diag_2_289,0.0
cat__diag_2_283,0.0
cat__diag_2_282,0.0
cat__diag_2_281,0.0
cat__diag_2_279,0.0
cat__diag_1_615,0.0
cat__diag_1_614,0.0
cat__diag_1_611,0.0
cat__diag_1_610,0.0
cat__diag_1_61,0.0
cat__diag_1_608,0.0
cat__diag_1_607,0.0
cat__diag_1_603,0.0
cat__diag_1_602,0.0
cat__diag_1_601,0.0
cat__diag_1_598,0.0
cat__diag_2_308,0.0
cat__diag_2_307,0.0
cat__diag_2_306,0.0
cat__diag_2_302,0.0
cat__diag_2_299,0.0
cat__diag_2_297,0.0
cat__diag_2_325,0.0
cat__diag_2_324,0.0
cat__diag_2_323,0.0
cat__diag_2_322,0.0
cat__diag_2_320,0.0
cat__diag_2_319,0.0
cat__diag_2_318,0.0
cat__diag_2_317,0.0
cat__diag_2_314,0.0
cat__diag_2_310,0.0
cat__diag_2_31,0.0
cat__diag_2_35,0.0
cat__diag_2_349,0.0
cat__diag_2_346,0.0
cat__diag_2_343,0.0
cat__diag_2_341,0.0
cat__diag_2_34,0.0
cat__diag_2_338,0.0
cat__diag_2_336,0.0
cat__diag_2_335,0.0
cat__diag_2_333,0.0
cat__diag_2_369,0.0
cat__diag_2_368,0.0
cat__diag_2_366,0.0
cat__diag_2_365,0.0
cat__diag_2_364,0.0
cat__diag_2_362,0.0
cat__diag_2_360,0.0
cat__diag_2_359,0.0
cat__diag_2_358,0.0
cat__diag_2_356,0.0
cat__diag_2_355,0.0
cat__diag_2_354,0.0
cat__diag_2_352,0.0
cat__diag_2_351,0.0
cat__diag_2_350,0.0
cat__diag_2_389,0.0
cat__diag_2_388,0.0
cat__diag_2_386,0.0
cat__diag_2_383,0.0
cat__diag_2_382,0.0
cat__diag_2_381,0.0
cat__diag_2_380,0.0
cat__diag_2_379,0.0
cat__diag_2_377,0.0
cat__diag_2_376,0.0
cat__diag_2_374,0.0
cat__diag_2_373,0.0
cat__diag_1_594,0.0
cat__diag_1_591,0.0
cat__diag_1_588,0.0
cat__diag_1_586,0.0
cat__diag_1_583,0.0
cat__diag_1_582,0.0
cat__diag_1_581,0.0
cat__diag_1_580,0.0
cat__diag_1_58,0.0
cat__diag_1_579,0.0
cat__diag_1_573,0.0
cat__diag_1_570,0.0
cat__diag_1_568,0.0
cat__diag_1_567,0.0
cat__diag_1_565,0.0
cat__diag_2_372,0.0
cat__diag_2_405,0.0
cat__diag_1_551,0.0
cat__diag_1_543,0.0
cat__diag_1_542,0.0
cat__diag_1_541,0.0
cat__diag_1_54,0.0
cat__diag_2_395,0.0
cat__diag_2_432,0.0
cat__diag_2_431,0.0
cat__diag_2_430,0.0
cat__diag_2_429,0.0
cat__diag_2_423,0.0
cat__diag_2_422,0.0
cat__diag_2_421,0.0
cat__diag_2_416,0.0
cat__diag_2_452,0.0
cat__diag_2_448,0.0
cat__diag_2_442,0.0
cat__diag_2_441,0.0
cat__diag_2_436,0.0
cat__diag_1_495,0.0
cat__diag_1_534,0.0
cat__diag_1_533,0.0
cat__diag_1_529,0.0
cat__diag_1_527,0.0
cat__diag_1_526,0.0
cat__diag_1_524,0.0
cat__diag_1_523,0.0
cat__diag_1_522,0.0
cat__diag_1_521,0.0
cat__diag_1_52,0.0
cat__diag_2_472,0.0
cat__diag_2_470,0.0
cat__diag_2_464,0.0
cat__diag_2_463,0.0
cat__diag_2_462,0.0
cat__diag_2_461,0.0
cat__diag_2_46,0.0
cat__diag_2_457,0.0
cat__diag_2_454,0.0
cat__diag_2_487,0.0
cat__diag_2_485,0.0
cat__diag_2_484,0.0
cat__diag_2_483,0.0
cat__diag_2_480,0.0
cat__diag_2_478,0.0
cat__diag_2_477,0.0
cat__diag_2_474,0.0
cat__diag_2_516,0.0
cat__diag_2_514,0.0
cat__diag_2_513,0.0
cat__diag_2_510,0.0
cat__diag_2_508,0.0
cat__diag_2_506,0.0
cat__diag_2_501,0.0
cat__diag_2_500,0.0
cat__diag_2_5,0.0
cat__diag_2_495,0.0
cat__diag_1_477,0.0
cat__diag_1_516,0.0
cat__diag_1_508,0.0
cat__diag_1_506,0.0
cat__diag_1_501,0.0
cat__diag_1_500,0.0
cat__diag_1_5,0.0
cat__diag_2_494,0.0
cat__diag_2_533,0.0
cat__diag_2_532,0.0
cat__diag_2_531,0.0
cat__diag_2_53,0.0
cat__diag_2_528,0.0
cat__diag_2_527,0.0
cat__diag_2_524,0.0
cat__diag_2_523,0.0
cat__diag_2_522,0.0
cat__diag_2_521,0.0
cat__diag_2_520,0.0
cat__diag_2_52,0.0
cat__diag_2_519,0.0
cat__diag_2_517,0.0
cat__diag_2_557,0.0
cat__diag_2_556,0.0
cat__diag_2_555,0.0
cat__diag_2_553,0.0
cat__diag_2_552,0.0
cat__diag_2_550,0.0
cat__diag_2_543,0.0
cat__diag_2_542,0.0
cat__diag_2_540,0.0
cat__diag_2_54,0.0
cat__diag_1_456,0.0
cat__diag_1_494,0.0
cat__diag_1_492,0.0
cat__diag_1_49,0.0
cat__diag_1_485,0.0
cat__diag_1_483,0.0
cat__diag_1_480,0.0
cat__diag_1_48,0.0
cat__diag_1_478,0.0
cat__diag_2_534,0.0
cat__diag_2_570,0.0
cat__diag_2_566,0.0
cat__diag_2_565,0.0
cat__diag_2_598,0.0
cat__diag_2_596,0.0
cat__diag_2_594,0.0
cat__diag_2_592,0.0
cat__diag_2_588,0.0
cat__diag_2_586,0.0
cat__diag_2_583,0.0
cat__diag_2_580,0.0
cat__diag_2_579,0.0
cat__diag_2_617,0.0
cat__diag_2_616,0.0
cat__diag_2_615,0.0
cat__diag_2_614,0.0
cat__diag_2_611,0.0
cat__diag_2_610,0.0
cat__diag_2_608,0.0
cat__diag_2_607,0.0
cat__diag_2_605,0.0
cat__diag_2_604,0.0
cat__diag_2_603,0.0
cat__diag_2_602,0.0
cat__diag_2_647,0.0
cat__diag_2_646,0.0
cat__diag_2_645,0.0
cat__diag_2_644,0.0
cat__diag_2_641,0.0
cat__diag_2_634,0.0
cat__diag_2_627,0.0
cat__diag_2_626,0.0
cat__diag_2_623,0.0
cat__diag_2_622,0.0
cat__diag_2_621,0.0
cat__diag_2_620,0.0
cat__diag_2_619,0.0
cat__diag_2_684,0.0
cat__diag_2_680,0.0
cat__diag_2_674,0.0
cat__diag_2_665,0.0
cat__diag_2_664,0.0
cat__diag_2_663,0.0
cat__diag_2_661,0.0
cat__diag_2_66,0.0
cat__diag_2_659,0.0
cat__diag_2_658,0.0
cat__diag_2_656,0.0
cat__diag_2_654,0.0
cat__diag_2_652,0.0
cat__diag_2_649,0.0
cat__diag_2_705,0.0
cat__diag_2_704,0.0
cat__diag_2_703,0.0
cat__diag_2_702,0.0
cat__diag_2_701,0.0
cat__diag_2_7,0.0
cat__diag_2_698,0.0
cat__diag_2_696,0.0
cat__diag_2_695,0.0
cat__diag_2_694,0.0
cat__diag_2_693,0.0
cat__diag_2_692,0.0
cat__diag_2_691,0.0
cat__diag_2_686,0.0
cat__diag_1_475,0.0
cat__diag_1_474,0.0
cat__diag_1_473,0.0
cat__diag_1_471,0.0
cat__diag_1_470,0.0
cat__diag_1_47,0.0
cat__diag_1_465,0.0
cat__diag_1_464,0.0
cat__diag_1_463,0.0
cat__diag_1_462,0.0
cat__diag_1_461,0.0
cat__diag_2_685,0.0
cat__diag_2_718,0.0
cat__diag_2_717,0.0
cat__diag_2_716,0.0
cat__diag_2_713,0.0
cat__diag_2_712,0.0
cat__diag_2_709,0.0
cat__diag_2_706,0.0
cat__diag_2_745,0.0
cat__diag_2_742,0.0
cat__diag_2_741,0.0
cat__diag_2_738,0.0
cat__diag_2_737,0.0
cat__diag_2_736,0.0
cat__diag_2_734,0.0
cat__diag_2_727,0.0
cat__diag_2_726,0.0
cat__diag_2_725,0.0
cat__diag_1_421,0.0
cat__diag_1_454,0.0
cat__diag_1_452,0.0
cat__diag_1_451,0.0
cat__diag_1_448,0.0
cat__diag_1_446,0.0
cat__diag_1_445,0.0
cat__diag_1_442,0.0
cat__diag_2_78,0.0
cat__diag_2_759,0.0
cat__diag_2_758,0.0
cat__diag_2_756,0.0
cat__diag_2_755,0.0
cat__diag_2_754,0.0
cat__diag_2_753,0.0
cat__diag_2_752,0.0
cat__diag_2_751,0.0
cat__diag_2_750,0.0
cat__diag_2_75,0.0
cat__diag_2_748,0.0
cat__diag_2_747,0.0
cat__diag_1_425,0.0
cat__diag_1_422,0.0
cat__diag_2_796,0.0
cat__diag_2_795,0.0
cat__diag_2_793,0.0
cat__diag_2_792,0.0
cat__diag_2_791,0.0
cat__diag_2_79,0.0
cat__diag_2_783,0.0
cat__diag_1_380,0.0
cat__diag_1_42,0.0
cat__diag_1_417,0.0
cat__diag_1_416,0.0
cat__diag_1_412,0.0
cat__diag_1_41,0.0
cat__diag_1_405,0.0
cat__diag_2_816,0.0
cat__diag_2_815,0.0
cat__diag_2_814,0.0
cat__diag_2_813,0.0
cat__diag_2_811,0.0
cat__diag_2_810,0.0
cat__diag_2_808,0.0
cat__diag_2_806,0.0
cat__diag_2_802,0.0
cat__diag_2_801,0.0
cat__diag_2_845,0.0
cat__diag_2_844,0.0
cat__diag_2_843,0.0
cat__diag_2_842,0.0
cat__diag_2_840,0.0
cat__diag_2_837,0.0
cat__diag_2_836,0.0
cat__diag_2_833,0.0
cat__diag_2_832,0.0
cat__diag_2_831,0.0
cat__diag_2_826,0.0
cat__diag_2_825,0.0
cat__diag_2_824,0.0
cat__diag_2_823,0.0
cat__diag_2_822,0.0
cat__diag_2_821,0.0
cat__diag_2_870,0.0
cat__diag_2_869,0.0
cat__diag_2_868,0.0
cat__diag_2_867,0.0
cat__diag_2_866,0.0
cat__diag_2_865,0.0
cat__diag_2_864,0.0
cat__diag_2_862,0.0
cat__diag_2_861,0.0
cat__diag_2_860,0.0
cat__diag_2_853,0.0
cat__diag_2_851,0.0
cat__diag_2_850,0.0
cat__diag_2_847,0.0
cat__diag_2_846,0.0
cat__diag_2_905,0.0
cat__diag_2_9,0.0
cat__diag_2_894,0.0
cat__diag_2_893,0.0
cat__diag_2_892,0.0
cat__diag_2_891,0.0
cat__diag_2_884,0.0
cat__diag_2_883,0.0
cat__diag_2_882,0.0
cat__diag_2_881,0.0
cat__diag_2_880,0.0
cat__diag_2_88,0.0
cat__diag_2_879,0.0
cat__diag_2_873,0.0
cat__diag_2_872,0.0
cat__diag_2_871,0.0
cat__diag_2_922,0.0
cat__diag_2_921,0.0
cat__diag_2_920,0.0
cat__diag_2_919,0.0
cat__diag_2_918,0.0
cat__diag_2_917,0.0
cat__diag_2_916,0.0
cat__diag_2_915,0.0
cat__diag_2_913,0.0
cat__diag_2_912,0.0
cat__diag_2_911,0.0
cat__diag_2_910,0.0
cat__diag_2_909,0.0
cat__diag_2_908,0.0
cat__diag_2_907,0.0
cat__diag_2_906,0.0
cat__diag_2_96,0.0
cat__diag_2_959,0.0
cat__diag_2_958,0.0
cat__diag_2_955,0.0
cat__diag_2_953,0.0
cat__diag_2_952,0.0
cat__diag_2_947,0.0
cat__diag_2_945,0.0
cat__diag_2_944,0.0
cat__diag_2_942,0.0
cat__diag_2_94,0.0
cat__diag_2_934,0.0
cat__diag_2_933,0.0
cat__diag_2_927,0.0
cat__diag_2_924,0.0
cat__diag_2_923,0.0
cat__diag_2_992,0.0
cat__diag_2_991,0.0
cat__diag_2_99,0.0
cat__diag_2_989,0.0
cat__diag_2_987,0.0
cat__diag_2_980,0.0
cat__diag_2_977,0.0
cat__diag_2_975,0.0
cat__diag_2_974,0.0
cat__diag_2_972,0.0
cat__diag_2_969,0.0
cat__diag_2_967,0.0
cat__diag_2_965,0.0
cat__diag_2_963,0.0
cat__diag_2_962,0.0
cat__diag_2_E850,0.0
cat__diag_2_E829,0.0
cat__diag_2_E826,0.0
cat__diag_2_E821,0.0
cat__diag_2_E819,0.0
cat__diag_2_E818,0.0
cat__diag_2_E817,0.0
cat__diag_2_E816,0.0
cat__diag_2_E814,0.0
cat__diag_2_E813,0.0
cat__diag_2_E812,0.0
cat__diag_2_E890,0.0
cat__diag_2_E887,0.0
cat__diag_2_E884,0.0
cat__diag_2_E883,0.0
cat__diag_2_E882,0.0
cat__diag_2_E881,0.0
cat__diag_2_E880,0.0
cat__diag_2_E879,0.0
cat__diag_2_E870,0.0
cat__diag_2_E868,0.0
cat__diag_2_E858,0.0
cat__diag_2_E854,0.0
cat__diag_2_E853,0.0
cat__diag_2_E935,0.0
cat__diag_2_E934,0.0
cat__diag_2_E933,0.0
cat__diag_2_E931,0.0
cat__diag_2_E930,0.0
cat__diag_2_E929,0.0
cat__diag_2_E928,0.0
cat__diag_2_E927,0.0
cat__diag_2_E924,0.0
cat__diag_2_E917,0.0
cat__diag_2_E916,0.0
cat__diag_2_E915,0.0
cat__diag_2_E906,0.0
cat__diag_2_E905,0.0
cat__diag_2_E900,0.0
cat__diag_2_V09,0.0
cat__diag_2_V08,0.0
cat__diag_2_V03,0.0
cat__diag_2_V02,0.0
cat__diag_2_E980,0.0
cat__diag_2_E968,0.0
cat__diag_2_E944,0.0
cat__diag_2_E942,0.0
cat__diag_2_E941,0.0
cat__diag_2_E939,0.0
cat__diag_2_E938,0.0
cat__diag_2_E937,0.0
cat__diag_2_E936,0.0
cat__diag_2_V46,0.0
cat__diag_2_V44,0.0
cat__diag_2_V25,0.0
cat__diag_2_V23,0.0
cat__diag_2_V18,0.0
cat__diag_2_V17,0.0
cat__diag_2_V16,0.0
cat__diag_2_V14,0.0
cat__diag_2_V13,0.0
cat__diag_1_361,0.0
cat__diag_1_397,0.0
cat__diag_1_396,0.0
cat__diag_1_395,0.0
cat__diag_1_394,0.0
cat__diag_1_391,0.0
cat__diag_1_39,0.0
cat__diag_1_389,0.0
cat__diag_1_388,0.0
cat__diag_1_385,0.0
cat__diag_1_384,0.0
cat__diag_1_383,0.0
cat__diag_1_382,0.0
cat__diag_1_381,0.0
cat__diag_2_V11,0.0
cat__diag_2_V72,0.0
cat__diag_2_V70,0.0
cat__diag_2_V69,0.0
cat__diag_2_V66,0.0
cat__diag_2_V65,0.0
cat__diag_2_V64,0.0
cat__diag_2_V63,0.0
cat__diag_2_V61,0.0
cat__diag_2_V60,0.0
cat__discharge_disposition_Discharged/transferred/referred to this institution for outpatient services,0.0
cat__diag_2_V57,0.0
cat__diag_2_V55,0.0
cat__diag_2_V53,0.0
cat__diag_2_V50,0.0
cat__diag_3_141,0.0
cat__diag_3_139,0.0
cat__diag_3_138,0.0
cat__diag_3_136,0.0
cat__discharge_disposition_Discharged/transferred/referred another institution for outpatient services,0.0
cat__diag_3_131,0.0
cat__diag_3_123,0.0
cat__diag_3_122,0.0
cat__diag_3_117,0.0
cat__diag_3_115,0.0
cat__diag_3_111,0.0
cat__diag_3_110,0.0
cat__diag_3_11,0.0
cat__diag_2_V86,0.0
cat__diag_3_170,0.0
cat__diag_3_164,0.0
cat__diag_3_163,0.0
cat__diag_3_161,0.0
cat__diag_3_158,0.0
cat__diag_3_157,0.0
cat__diag_3_156,0.0
cat__diag_3_155,0.0
cat__diag_3_154,0.0
cat__medical_specialty_Pediatrics-EmergencyMedicine,0.0
cat__diag_3_152,0.0
cat__diag_3_151,0.0
cat__diag_3_150,0.0
cat__diag_3_148,0.0
cat__diag_3_146,0.0
cat__medical_specialty_DCPTEAM,0.0
cat__diag_3_195,0.0
cat__diag_3_193,0.0
cat__diag_3_191,0.0
cat__diag_3_189,0.0
cat__diag_3_188,0.0
cat__diag_3_186,0.0
cat__diag_3_185,0.0
cat__diag_3_183,0.0
cat__diag_3_182,0.0
cat__diag_3_180,0.0
cat__diag_3_179,0.0
cat__medical_specialty_Dentistry,0.0
cat__diag_3_173,0.0
cat__diag_3_172,0.0
cat__diag_3_171,0.0
"cat__discharge_disposition_Expired in a medical facility. Medicaid only, hospice.",0.0
cat__diag_3_217,0.0
cat__diag_3_216,0.0
cat__diag_3_215,0.0
cat__diag_3_214,0.0
cat__medical_specialty_Cardiology-Pediatric,0.0
cat__diag_3_208,0.0
cat__diag_3_205,0.0
cat__medical_specialty_Anesthesiology-Pediatric,0.0
cat__diag_3_201,0.0
cat__diag_3_200,0.0
cat__medical_specialty_Anesthesiology,0.0
cat__diag_3_243,0.0
cat__diag_3_241,0.0
cat__diag_3_240,0.0
cat__diag_3_239,0.0
cat__diag_3_238,0.0
cat__diag_3_236,0.0
cat__diag_3_235,0.0
cat__diag_3_233,0.0
cat__diag_3_230,0.0
cat__diag_3_228,0.0
cat__diag_3_227,0.0
cat__diag_3_225,0.0
cat__diag_3_223,0.0
cat__diag_1_347,0.0
cat__diag_1_379,0.0
cat__diag_1_378,0.0
cat__diag_1_377,0.0
cat__diag_1_376,0.0
cat__diag_1_375,0.0
cat__diag_1_374,0.0
cat__diag_1_372,0.0
cat__diag_1_370,0.0
cat__diag_1_369,0.0
cat__diag_1_368,0.0
cat__diag_1_366,0.0
cat__diag_1_365,0.0
cat__diag_1_363,0.0
cat__diag_1_362,0.0
cat__diag_3_220,0.0
cat__diag_3_250.3,0.0
cat__diag_3_250.22,0.0
cat__diag_3_250.21,0.0
cat__diag_3_250.2,0.0
cat__diag_3_250.13,0.0
cat__weight_[175-200),0.0
cat__diag_3_250.11,0.0
cat__diag_3_250.1,0.0
cat__diag_3_246,0.0
cat__diag_3_245,0.0
cat__diag_3_250.93,0.0
cat__diag_3_250.91,0.0
cat__diag_3_250.9,0.0
cat__diag_3_250.83,0.0
cat__weight_[150-175),0.0
cat__weight_>200,0.0
cat__admission_source_Transfer from critial access hospital,0.0
cat__admission_source_Transfer from Ambulatory Surgery Center,0.0
cat__admission_source_Sick Baby,0.0
cat__diag_3_270,0.0
cat__diag_3_27,0.0
cat__diag_3_268,0.0
cat__diag_3_266,0.0
cat__diag_3_265,0.0
cat__diag_3_262,0.0
cat__diag_3_261,0.0
cat__diag_3_260,0.0
cat__diag_3_259,0.0
cat__diag_3_258,0.0
cat__diag_3_256,0.0
cat__diag_3_253,0.0
cat__diag_3_252,0.0
cat__admission_source_Normal Delivery,0.0
cat__diag_1_360,0.0
cat__diag_1_36,0.0
cat__diag_1_359,0.0
cat__admission_source_Extramural Birth,0.0
cat__diag_1_357,0.0
cat__diag_1_356,0.0
cat__diag_1_355,0.0
cat__diag_1_354,0.0
cat__diag_1_353,0.0
cat__diag_1_352,0.0
cat__diag_1_351,0.0
cat__diag_1_350,0.0
cat__diag_1_35,0.0
cat__diag_1_349,0.0
cat__diag_3_251,0.0
cat__diag_3_283,0.0
cat__diag_3_282,0.0
cat__diag_3_281,0.0
cat__diag_3_279,0.0
cat__diag_3_277,0.0
cat__diag_3_275,0.0
cat__diag_3_273,0.0
cat__diag_3_271,0.0
cat__admission_source_Court/Law Enforcement,0.0
cat__diag_3_3,0.0
cat__diag_3_299,0.0
cat__diag_3_298,0.0
cat__diag_3_297,0.0
cat__admission_source_Transfer from hospital inpt/same fac reslt in a sep claim,0.0
cat__diag_1_783,0.0
cat__diag_3_289,0.0
cat__diag_1_78,0.0
cat__diag_1_759,0.0
cat__diag_1_344,0.0
cat__diag_1_342,0.0
cat__diag_1_341,0.0
cat__diag_1_34,0.0
cat__diag_1_338,0.0
cat__diag_1_337,0.0
cat__diag_1_336,0.0
cat__diag_1_335,0.0
cat__diag_1_334,0.0
cat__diag_1_333,0.0
cat__diag_1_756,0.0
cat__diag_1_753,0.0
cat__diag_3_318,0.0
cat__diag_3_317,0.0
cat__diag_3_315,0.0
cat__diag_3_314,0.0
cat__diag_3_313,0.0
cat__diag_3_310,0.0
cat__diag_3_309,0.0
cat__diag_3_308,0.0
cat__diag_3_307,0.0
cat__diag_3_306,0.0
cat__diag_1_686,0.0
cat__diag_3_343,0.0
cat__diag_3_341,0.0
cat__diag_1_725,0.0
cat__diag_3_34,0.0
cat__diag_3_338,0.0
cat__diag_3_336,0.0
cat__diag_3_335,0.0
cat__diag_3_334,0.0
cat__diag_3_333,0.0
cat__diag_3_323,0.0
cat__diag_3_360,0.0
cat__diag_3_359,0.0
cat__diag_3_358,0.0
cat__diag_3_356,0.0
cat__diag_3_355,0.0
cat__diag_3_354,0.0
cat__diag_3_353,0.0
cat__diag_3_351,0.0
cat__diag_3_350,0.0
cat__diag_3_35,0.0
cat__diag_3_349,0.0
cat__diag_1_720,0.0
cat__diag_3_347,0.0
cat__diag_3_346,0.0
cat__diag_3_345,0.0
cat__diag_3_379,0.0
cat__diag_3_378,0.0
cat__diag_3_377,0.0
cat__diag_3_376,0.0
cat__diag_3_374,0.0
cat__diag_3_373,0.0
cat__diag_3_372,0.0
cat__diag_3_370,0.0
cat__diag_3_369,0.0
cat__diag_3_368,0.0
cat__diag_3_366,0.0
cat__diag_3_365.44,0.0
cat__diag_3_365,0.0
cat__diag_1_718,0.0
cat__diag_3_361,0.0
cat__diag_3_398,0.0
cat__diag_3_395,0.0
cat__diag_3_394,0.0
cat__diag_3_391,0.0
cat__diag_3_389,0.0
cat__diag_3_388,0.0
cat__diag_3_387,0.0
cat__diag_1_717,0.0
cat__diag_3_384,0.0
cat__diag_3_383,0.0
cat__diag_3_382,0.0
cat__diag_1_324,0.0
cat__diag_1_323,0.0
cat__diag_1_322,0.0
cat__diag_1_320,0.0
cat__diag_1_318,0.0
cat__diag_1_314,0.0
cat__diag_1_312,0.0
cat__diag_1_714,0.0
cat__diag_1_310,0.0
cat__diag_1_31,0.0
cat__diag_1_710,0.0
cat__diag_1_308,0.0
cat__diag_1_307,0.0
cat__diag_1_306,0.0
cat__diag_1_305,0.0
cat__diag_3_380,0.0
cat__diag_3_423,0.0
cat__diag_3_421,0.0
cat__diag_3_420,0.0
cat__diag_3_417,0.0
cat__diag_1_751,0.0
cat__diag_3_405,0.0
cat__diag_1_272,0.0
cat__diag_1_303,0.0
cat__diag_1_301,0.0
cat__diag_1_300,0.0
cat__diag_1_3,0.0
cat__diag_1_299,0.0
cat__diag_1_297,0.0
cat__diag_1_293,0.0
cat__diag_1_804,0.0
cat__diag_1_803,0.0
cat__diag_1_289,0.0
cat__diag_3_436,0.0
cat__diag_3_435,0.0
cat__diag_3_434,0.0
cat__diag_1_801,0.0
cat__diag_3_432,0.0
cat__diag_3_431,0.0
cat__diag_3_430,0.0
cat__diag_3_429,0.0
cat__diag_1_286,0.0
cat__diag_1_800,0.0
cat__diag_1_797,0.0
cat__diag_1_281,0.0
cat__diag_1_279,0.0
cat__diag_1_796,0.0
cat__diag_1_795,0.0
cat__diag_1_273,0.0
cat__diag_3_457,0.0
cat__diag_3_456,0.0
cat__diag_1_794,0.0
cat__diag_3_452,0.0
cat__diag_3_451,0.0
cat__diag_3_448,0.0
cat__diag_1_793,0.0
cat__diag_3_446,0.0
cat__diag_3_445,0.0
cat__diag_3_444,0.0
cat__diag_1_792,0.0
cat__diag_1_791,0.0
cat__diag_3_481,0.0
cat__diag_3_480,0.0
cat__diag_1_822,0.0
cat__diag_3_477,0.0
cat__diag_3_475,0.0
cat__diag_1_82,0.0
cat__diag_3_472,0.0
cat__diag_3_470,0.0
cat__diag_3_47,0.0
cat__diag_1_817,0.0
cat__diag_3_464,0.0
cat__diag_3_462,0.0
cat__diag_1_816,0.0
cat__diag_1_815,0.0
cat__diag_3_506,0.0
cat__diag_3_501,0.0
cat__diag_3_500,0.0
cat__diag_3_5,0.0
cat__diag_3_495,0.0
cat__diag_3_494,0.0
cat__diag_1_814,0.0
cat__diag_3_49,0.0
cat__diag_3_487,0.0
cat__diag_3_485,0.0
cat__diag_3_527,0.0
cat__diag_3_525,0.0
cat__diag_3_524,0.0
cat__diag_3_523,0.0
cat__diag_3_522,0.0
cat__diag_3_521,0.0
cat__diag_1_810,0.0
cat__diag_1_806,0.0
cat__diag_3_516,0.0
cat__diag_3_514,0.0
cat__diag_3_512,0.0
cat__diag_3_510,0.0
cat__diag_1_250.3,0.0
cat__diag_1_271,0.0
cat__diag_1_27,0.0
cat__diag_1_266,0.0
cat__diag_1_845,0.0
cat__diag_1_262,0.0
cat__diag_1_261,0.0
cat__diag_1_255,0.0
cat__diag_1_844,0.0
cat__diag_1_252,0.0
cat__diag_1_251,0.0
cat__diag_1_250.93,0.0
cat__diag_1_843,0.0
cat__diag_1_250.91,0.0
cat__diag_1_250.9,0.0
cat__diag_3_508,0.0
cat__diag_3_543,0.0
cat__diag_3_542,0.0
cat__diag_3_540,0.0
cat__diag_3_54,0.0
cat__diag_3_538,0.0
cat__diag_1_842,0.0
cat__diag_3_534,0.0
cat__diag_3_533,0.0
cat__diag_3_532,0.0
cat__diag_1_840,0.0
cat__diag_3_53,0.0
cat__diag_3_529,0.0
cat__diag_3_528,0.0
cat__diag_3_57,0.0
cat__diag_1_84,0.0
cat__diag_1_838,0.0
cat__diag_3_566,0.0
cat__diag_3_565,0.0
cat__diag_1_837,0.0
cat__diag_3_557,0.0
cat__diag_3_556,0.0
cat__diag_3_555,0.0
cat__diag_3_552,0.0
cat__diag_1_836,0.0
cat__diag_1_250.53,0.0
cat__diag_1_250.52,0.0
cat__diag_1_250.51,0.0
cat__diag_1_250.5,0.0
cat__diag_1_835,0.0
cat__diag_1_834,0.0
cat__diag_1_250.33,0.0
cat__diag_1_250.32,0.0
cat__diag_1_250.31,0.0
cat__diag_3_550,0.0
cat__diag_3_583,0.0
cat__diag_3_582,0.0
cat__diag_3_580,0.0
cat__diag_3_579,0.0
cat__diag_1_832,0.0
cat__diag_3_575,0.0
cat__diag_1_831,0.0
cat__diag_3_572,0.0
cat__diag_1_223,0.0
cat__diag_1_250.23,0.0
cat__diag_1_250.21,0.0
cat__diag_1_246,0.0
cat__diag_1_245,0.0
cat__diag_1_244,0.0
cat__diag_1_827,0.0
cat__diag_3_604,0.0
cat__diag_3_603,0.0
cat__diag_3_601,0.0
cat__diag_3_598,0.0
cat__diag_3_597,0.0
cat__diag_3_595,0.0
cat__diag_3_594,0.0
cat__diag_1_826,0.0
cat__diag_1_866,0.0
cat__diag_1_865,0.0
cat__diag_3_586,0.0
cat__diag_1_864,0.0
cat__diag_3_624,0.0
cat__diag_3_623,0.0
cat__diag_3_622,0.0
cat__diag_1_863,0.0
cat__diag_3_620,0.0
cat__diag_3_619,0.0
cat__diag_1_862,0.0
cat__diag_1_861,0.0
cat__diag_3_616,0.0
cat__diag_3_614,0.0
cat__diag_3_611,0.0
cat__diag_3_610,0.0
cat__diag_3_608,0.0
cat__diag_3_607,0.0
cat__diag_3_605,0.0
cat__diag_3_657,0.0
cat__diag_3_656,0.0
cat__diag_3_655,0.0
cat__diag_3_654,0.0
cat__diag_3_653,0.0
cat__diag_3_652,0.0
cat__diag_3_649,0.0
cat__diag_3_647,0.0
cat__diag_3_646,0.0
cat__diag_3_644,0.0
cat__diag_3_643,0.0
cat__diag_1_860,0.0
cat__diag_3_641,0.0
cat__diag_3_627,0.0
cat__diag_1_854,0.0
cat__diag_3_686,0.0
cat__diag_3_685,0.0
cat__diag_3_684,0.0
cat__diag_1_853,0.0
cat__diag_3_680,0.0
cat__diag_3_674,0.0
cat__diag_3_671,0.0
cat__diag_3_670,0.0
cat__diag_3_665,0.0
cat__diag_3_664,0.0
cat__diag_3_663,0.0
cat__diag_3_661,0.0
cat__diag_3_660,0.0
cat__diag_1_848,0.0
cat__diag_3_658,0.0
cat__diag_3_706,0.0
cat__diag_3_705,0.0
cat__diag_3_704,0.0
cat__diag_3_703,0.0
cat__diag_3_702,0.0
cat__diag_3_701,0.0
cat__diag_3_7,0.0
cat__diag_3_698,0.0
cat__diag_3_696,0.0
cat__diag_3_695,0.0
cat__diag_3_694,0.0
cat__diag_3_693,0.0
cat__diag_3_692,0.0
cat__diag_3_690,0.0
cat__diag_3_723,0.0
cat__diag_1_847,0.0
cat__diag_3_720,0.0
cat__diag_3_718,0.0
cat__diag_3_717,0.0
cat__diag_1_846,0.0
cat__diag_3_713,0.0
cat__diag_3_712,0.0
cat__diag_3_711,0.0
cat__diag_1_891,0.0
cat__diag_3_709,0.0
cat__diag_3_708,0.0
cat__diag_3_741,0.0
cat__diag_3_738,0.0
cat__diag_3_737,0.0
cat__diag_3_736,0.0
cat__diag_3_735,0.0
cat__diag_3_734,0.0
cat__diag_3_732,0.0
cat__diag_1_890,0.0
cat__diag_1_886,0.0
cat__diag_1_885,0.0
cat__diag_3_725,0.0
cat__diag_1_883,0.0
cat__diag_1_240,0.0
cat__diag_1_239,0.0
cat__diag_1_882,0.0
cat__diag_1_237,0.0
cat__diag_1_236,0.0
cat__diag_1_881,0.0
cat__diag_1_880,0.0
cat__diag_1_230,0.0
cat__diag_1_23,0.0
cat__diag_1_229,0.0
cat__diag_1_228,0.0
cat__diag_1_88,0.0
cat__diag_1_226,0.0
cat__diag_1_879,0.0
cat__diag_3_78,0.0
cat__diag_3_759,0.0
cat__diag_3_758,0.0
cat__diag_3_757,0.0
cat__diag_3_756,0.0
cat__diag_3_755,0.0
cat__diag_3_753,0.0
cat__diag_3_752,0.0
cat__diag_3_751,0.0
cat__diag_3_75,0.0
cat__diag_3_747,0.0
cat__diag_3_746,0.0
cat__diag_1_878,0.0
cat__diag_3_744,0.0
cat__diag_3_742,0.0
cat__diag_3_795,0.0
cat__diag_3_793,0.0
cat__diag_3_792,0.0
cat__diag_3_791,0.0
cat__diag_3_79,0.0
cat__diag_3_783,0.0
cat__diag_1_875,0.0
cat__diag_3_816,0.0
cat__diag_3_815,0.0
cat__diag_3_814,0.0
cat__diag_3_813,0.0
cat__diag_3_812,0.0
cat__diag_3_810,0.0
cat__diag_3_808,0.0
cat__diag_1_873,0.0
cat__diag_3_805,0.0
cat__diag_3_802,0.0
cat__diag_3_801,0.0
cat__diag_3_800,0.0
cat__diag_3_797,0.0
cat__diag_3_796,0.0
cat__diag_3_847,0.0
cat__diag_3_845,0.0
cat__diag_3_844,0.0
cat__diag_3_842,0.0
cat__diag_3_841,0.0
cat__diag_3_840,0.0
cat__diag_3_838,0.0
cat__diag_3_836,0.0
cat__diag_3_831,0.0
cat__diag_3_826,0.0
cat__diag_3_825,0.0
cat__diag_3_824,0.0
cat__diag_3_823,0.0
cat__diag_3_822,0.0
cat__diag_3_821,0.0
cat__diag_3_820,0.0
cat__diag_3_870,0.0
cat__diag_3_868,0.0
cat__diag_3_867,0.0
cat__diag_3_866,0.0
cat__diag_3_865,0.0
cat__diag_3_864,0.0
cat__diag_3_863,0.0
cat__diag_3_862,0.0
cat__diag_3_861,0.0
cat__diag_3_860,0.0
cat__diag_3_854,0.0
cat__diag_3_853,0.0
cat__diag_3_852,0.0
cat__diag_3_851,0.0
cat__diag_3_850,0.0
cat__diag_3_848,0.0
cat__diag_3_892,0.0
cat__diag_3_891,0.0
cat__diag_3_890,0.0
cat__diag_3_884,0.0
cat__diag_3_883,0.0
cat__diag_3_882,0.0
cat__diag_3_881,0.0
cat__diag_3_880,0.0
cat__diag_3_88,0.0
cat__diag_3_879,0.0
cat__diag_3_877,0.0
cat__diag_3_876,0.0
cat__diag_3_875,0.0
cat__diag_1_871,0.0
cat__diag_3_872,0.0
cat__diag_3_871,0.0
cat__diag_3_919,0.0
cat__diag_3_918,0.0
cat__diag_3_917,0.0
cat__diag_3_916,0.0
cat__diag_3_915,0.0
cat__diag_3_913,0.0
cat__diag_3_912,0.0
cat__diag_3_911,0.0
cat__diag_3_910,0.0
cat__diag_3_909,0.0
cat__diag_3_908,0.0
cat__diag_3_907,0.0
cat__diag_3_906,0.0
cat__diag_3_905,0.0
cat__diag_3_9,0.0
cat__diag_3_893,0.0
cat__diag_3_948,0.0
cat__diag_3_945,0.0
cat__diag_3_944,0.0
cat__diag_3_943,0.0
cat__diag_3_942,0.0
cat__diag_3_94,0.0
cat__diag_3_935,0.0
cat__diag_3_934,0.0
cat__diag_3_933,0.0
cat__diag_3_930,0.0
cat__diag_3_928,0.0
cat__diag_3_924,0.0
cat__diag_3_923,0.0
cat__diag_3_922,0.0
cat__diag_3_921,0.0
cat__diag_3_920,0.0
cat__diag_3_991,0.0
cat__diag_3_989,0.0
cat__diag_3_987,0.0
cat__diag_3_971,0.0
cat__diag_3_970,0.0
cat__diag_3_969,0.0
cat__diag_3_966,0.0
cat__diag_3_965,0.0
cat__diag_3_962,0.0
cat__diag_3_959,0.0
cat__diag_3_958,0.0
cat__diag_3_956,0.0
cat__diag_3_955,0.0
cat__diag_3_953,0.0
cat__diag_3_952,0.0
cat__diag_1_184,0.0
cat__diag_1_220,0.0
cat__diag_1_219,0.0
cat__diag_1_217,0.0
cat__diag_1_216,0.0
cat__diag_1_215,0.0
cat__diag_1_214,0.0
cat__diag_1_212,0.0
cat__diag_1_210,0.0
cat__diag_1_208,0.0
cat__diag_1_207,0.0
cat__diag_1_870,0.0
cat__diag_1_203,0.0
cat__diag_3_951,0.0
cat__diag_3_E852,0.0
cat__diag_3_E850,0.0
cat__diag_3_E828,0.0
cat__diag_3_E822,0.0
cat__diag_3_E819,0.0
cat__diag_3_E818,0.0
cat__diag_3_E817,0.0
cat__diag_3_E816,0.0
cat__diag_1_868,0.0
cat__diag_3_999,0.0
cat__diag_3_992,0.0
cat__diag_1_923,0.0
cat__diag_3_E883,0.0
cat__diag_3_E882,0.0
cat__diag_3_E881,0.0
cat__diag_3_E880,0.0
cat__diag_1_921,0.0
cat__diag_3_E876,0.0
cat__diag_3_E870,0.0
cat__diag_3_E865,0.0
cat__diag_3_E864,0.0
cat__diag_3_E861,0.0
cat__diag_3_E858,0.0
cat__diag_3_E855,0.0
cat__diag_3_E854,0.0
cat__diag_3_E853,0.0
cat__diag_3_E920,0.0
cat__diag_3_E919,0.0
cat__diag_3_E917,0.0
cat__diag_3_E916,0.0
cat__diag_3_E915,0.0
cat__diag_3_E912,0.0
cat__diag_3_E906,0.0
cat__diag_3_E905,0.0
cat__diag_3_E904,0.0
cat__diag_3_E901,0.0
cat__diag_3_E900,0.0
cat__diag_3_E892,0.0
cat__diag_3_E887,0.0
cat__diag_3_E886,0.0
cat__diag_3_E941,0.0
cat__diag_3_E939,0.0
cat__diag_3_E938,0.0
cat__diag_3_E937,0.0
cat__diag_3_E936,0.0
cat__diag_3_E935,0.0
cat__diag_3_E934,0.0
cat__diag_3_E933,0.0
cat__diag_1_920,0.0
cat__diag_3_E931,0.0
cat__diag_3_E930,0.0
cat__diag_3_E929,0.0
cat__diag_3_E928,0.0
cat__diag_3_E927,0.0
cat__diag_3_E924,0.0
cat__diag_3_E922,0.0
cat__diag_3_V08,0.0
cat__diag_3_V07,0.0
cat__diag_3_V06,0.0
cat__diag_3_V03,0.0
cat__diag_3_V02,0.0
cat__diag_3_E987,0.0
cat__diag_3_E980,0.0
cat__diag_3_E965,0.0
cat__diag_3_E956,0.0
cat__diag_3_E955,0.0
cat__diag_1_917,0.0
cat__diag_1_916,0.0
cat__diag_3_E946,0.0
cat__diag_1_914,0.0
cat__diag_3_E943,0.0
cat__diag_1_158,0.0
cat__diag_1_201,0.0
cat__diag_1_913,0.0
cat__diag_1_199,0.0
cat__diag_1_196,0.0
cat__diag_1_195,0.0
cat__diag_1_194,0.0
cat__diag_1_911,0.0
cat__diag_1_192,0.0
cat__diag_1_191,0.0
cat__diag_1_904,0.0
cat__diag_1_187,0.0
cat__diag_3_E942,0.0
cat__diag_1_903,0.0
cat__diag_3_V25,0.0
cat__diag_3_V23,0.0
cat__diag_3_V22,0.0
cat__diag_3_V18,0.0
cat__diag_3_V17,0.0
cat__diag_3_V16,0.0
cat__diag_3_V14,0.0
cat__diag_3_V13,0.0
cat__diag_3_V11,0.0
cat__diag_3_V66,0.0
cat__diag_3_V65,0.0
cat__diag_1_9,0.0
cat__diag_3_V63,0.0
cat__diag_3_V62,0.0
cat__diag_3_V61,0.0
cat__diag_3_V60,0.0
cat__diag_3_V57,0.0
cat__diag_3_V55,0.0
cat__diag_3_V53,0.0
cat__diag_3_V46,0.0
cat__diag_1_141,0.0
cat__diag_1_897,0.0
cat__diag_1_180,0.0
cat__diag_1_179,0.0
cat__diag_1_175,0.0
cat__diag_1_173,0.0
cat__diag_1_172,0.0
cat__diag_1_171,0.0
cat__diag_1_170,0.0
cat__diag_1_164,0.0
cat__diag_1_163,0.0
cat__diag_1_161,0.0
cat__diag_1_160,0.0
cat__diag_3_V44,0.0
cat__diag_1_893,0.0
cat__diag_3_V86,0.0
cat__diag_1_892,0.0
cat__diag_3_V72,0.0
cat__medical_specialty_Surgery-Pediatric,0.0
cat__diag_1_156,0.0
cat__diag_1_152,0.0
cat__diag_1_150,0.0
cat__diag_1_149,0.0
cat__diag_1_148,0.0
cat__diag_1_147,0.0
cat__diag_1_146,0.0
cat__diag_1_145,0.0
cat__diag_1_143,0.0
cat__diag_1_142,0.0
cat__diag_3_V70,0.0
cat__acetohexamide_No,0.0
cat__diag_1_958,0.0
cat__chlorpropamide_Up,0.0
cat__chlorpropamide_Down,0.0
cat__diag_1_957,0.0
cat__nateglinide_Down,0.0
cat__medical_specialty_Psychiatry-Addictive,0.0
cat__diag_1_136,0.0
cat__diag_1_135,0.0
cat__diag_1_131,0.0
cat__diag_1_117,0.0
cat__diag_1_115,0.0
cat__diag_1_114,0.0
cat__diag_1_110,0.0
cat__diag_1_11,0.0
cat__diag_1_955,0.0
cat__medical_specialty_Surgery-PlasticwithinHeadandNeck,0.0
cat__diag_1_952,0.0
cat__diag_1_945,0.0
cat__tolbutamide_Steady,0.0
cat__tolbutamide_No,0.0
cat__tolazamide_Steady,0.0
cat__tolazamide_No,0.0
cat__troglitazone_Steady,0.0
cat__troglitazone_No,0.0
cat__miglitol_Up,0.0
cat__miglitol_Steady,0.0
cat__miglitol_No,0.0
cat__miglitol_Down,0.0
cat__acarbose_Up,0.0
cat__acarbose_Down,0.0
cat__medical_specialty_Pathology,0.0
cat__medical_specialty_Surgery-Maxillofacial,0.0
cat__medical_specialty_Surgery-Colon&Rectal,0.0
cat__diag_1_944,0.0
cat__medical_specialty_SportsMedicine,0.0
cat__medical_specialty_Rheumatology,0.0
cat__medical_specialty_Resident,0.0
cat__diag_1_942,0.0
cat__medical_specialty_Psychiatry-Child/Adolescent,0.0
cat__metformin-pioglitazone_No,0.0
cat__metformin-rosiglitazone_Steady,0.0
cat__metformin-rosiglitazone_No,0.0
cat__glimepiride-pioglitazone_Steady,0.0
cat__glimepiride-pioglitazone_No,0.0
cat__glipizide-metformin_Steady,0.0
cat__glipizide-metformin_No,0.0
cat__glyburide-metformin_Up,0.0
cat__glyburide-metformin_Down,0.0
cat__medical_specialty_Proctology,0.0
cat__medical_specialty_PhysicianNotFound,0.0
cat__medical_specialty_Perinatology,0.0
cat__diag_1_941,0.0
cat__medical_specialty_Pediatrics-Neurology,0.0
cat__medical_specialty_Pediatrics-InfectiousDiseases,0.0
cat__medical_specialty_Pediatrics-Hematology-Oncology,0.0
cat__gender_Unknown/Invalid,0.0
cat__diag_1_709,0.0
cat__diag_1_75,0.0
cat__diag_1_747,0.0
cat__diag_1_746,0.0
cat__diag_1_745,0.0
cat__diag_1_94,0.0
cat__diag_1_737,0.0
cat__diag_1_736,0.0
cat__diag_1_735,0.0
cat__diag_1_734,0.0
cat__diag_1_732,0.0
cat__diag_1_731,0.0
cat__diag_1_727,0.0
cat__diag_1_939,0.0
cat__discharge_disposition_Neonate discharged to another hospital for neonatal aftercare,0.0
cat__discharge_disposition_Still patient or expected to return for outpatient services,0.0
cat__medical_specialty_Pediatrics-AllergyandImmunology,0.0
cat__medical_specialty_AllergyandImmunology,0.0
cat__medical_specialty_OutreachServices,0.0
cat__diag_1_936,0.0
cat__medical_specialty_Ophthalmology,0.0
cat__medical_specialty_Obstetrics,0.0
cat__medical_specialty_Obsterics&Gynecology-GynecologicOnco,0.0
cat__medical_specialty_Neurophysiology,0.0
cat__discharge_disposition_Discharged/transferred to a federal health care facility.,0.0
cat__diag_1_935,0.0
cat__admission_type_Trauma Center,0.0
cat__admission_type_Newborn,0.0
cat__medical_specialty_Endocrinology-Metabolism,0.0
cat__medical_specialty_Dermatology,0.0
"cat__discharge_disposition_Expired at home. Medicaid only, hospice.",0.0
